Farmer_ID,Farmer_Name,Soil_pH,Rainfall_mm,Fertilizer_Quantity_kg,Pesticide_Used_Liters,Temperature_C,Humidity_Percent,Land_Area_Acres,Yield_Tonnes,Region_East,Region_North,Region_South,Region_West,Crop_Type_Cotton,Crop_Type_Maize,Crop_Type_Rice,Crop_Type_Soybean,Crop_Type_Sugarcane,Crop_Type_Wheat,Fertilizer_Type_DAP,Fertilizer_Type_NPK,Fertilizer_Type_Organic,Fertilizer_Type_Urea
412,326,7.15,1513.2,70.5,8.8,33.5,73.5,4.56,6.4,0,0,1,0,1,0,0,0,0,0,1,0,0,0
478,412,7.5,736.9,34.0,2.1,16.9,88.1,11.98,3.13,0,1,0,0,0,0,0,0,0,1,0,1,0,0
38970,40,7.75,1158.9,181.5,2.3,33.0,57.6,13.8,4.36,0,0,0,0,0,1,0,0,0,0,0,1,0,0
36726,417,5.56,768.5,163.4,7.1,21.3,82.5,19.86,6.45,0,0,0,1,0,0,0,0,0,1,0,0,0,1
64889,28,7.28,510.5,153.7,8.3,26.6,82.6,13.02,3.79,0,0,0,1,0,0,0,0,0,0,1,0,0,0
91281,340,8.35,1979.2,170.2,7.2,34.2,31.9,18.78,9.21,0,1,0,0,0,0,0,1,0,0,0,1,0,0
69450,23,5.6,385.8,60.0,2.9,19.8,69.6,16.54,3.05,0,1,0,0,0,0,0,0,0,1,0,0,1,0
76616,351,6.85,289.1,139.8,0.4,20.1,66.6,9.23,0.76,1,0,0,0,0,0,0,0,1,0,0,0,0,0
90630,366,6.17,1780.1,103.3,6.4,21.6,58.7,2.52,3.0,0,0,0,1,0,0,1,0,0,0,0,1,0,0
25355,302,5.9,744.0,48.3,7.5,28.5,86.3,5.62,5.03,1,0,0,0,0,1,0,0,0,0,0,0,0,0
38415,347,5.95,1021.5,97.5,8.3,32.4,31.7,8.44,2.22,0,1,0,0,0,1,0,0,0,0,1,0,0,0
72512,348,8.14,807.0,148.7,4.3,16.9,62.0,14.01,6.62,0,1,0,0,0,0,0,0,1,0,0,0,1,0
10771,81,5.73,1525.0,20.2,2.3,39.5,88.7,1.05,7.31,0,0,0,0,1,0,0,0,0,0,0,0,0,1
55610,83,6.03,1267.0,139.9,9.2,34.7,60.6,13.58,8.26,0,0,0,1,0,0,0,0,0,1,0,1,0,0
79284,450,6.07,1712.2,178.6,5.0,27.3,61.9,11.61,4.04,0,1,0,0,0,1,0,0,0,0,0,0,0,0
61554,22,8.15,448.4,28.0,3.2,20.0,51.5,8.05,6.99,0,0,0,0,0,0,0,0,0,1,0,0,1,0
45924,281,6.01,685.1,199.5,2.0,34.6,55.5,9.4,5.81,1,0,0,0,0,0,0,1,0,0,0,0,1,0
35214,305,6.55,1012.2,62.7,3.4,25.2,67.6,11.16,1.08,1,0,0,0,0,0,0,0,0,0,1,0,0,0
3443,261,5.66,1977.3,95.1,6.8,27.5,77.0,15.86,6.93,1,0,0,0,0,0,0,0,0,0,0,0,0,1
45541,265,7.21,816.9,17.7,7.2,35.0,53.6,3.64,9.49,0,0,0,0,0,0,0,0,0,0,1,0,0,0
60907,141,6.13,1243.1,93.9,6.4,16.1,31.1,13.23,4.43,0,1,0,0,0,0,0,0,0,1,1,0,0,0
34859,299,7.56,367.8,84.9,8.2,16.0,85.0,10.58,5.13,0,1,0,0,0,0,0,0,0,1,0,1,0,0
94,19,8.32,253.0,71.4,7.9,39.5,77.8,5.42,1.56,1,0,0,0,0,0,0,1,0,0,0,0,1,0
88145,402,8.13,1122.7,172.8,0.3,18.0,46.4,5.74,7.61,0,0,1,0,0,0,0,0,0,0,1,0,0,0
95539,396,8.35,825.7,148.4,3.2,35.9,73.3,17.83,2.23,0,0,1,0,0,0,0,0,0,1,0,1,0,0
71883,475,6.54,1179.5,151.5,0.2,35.0,65.6,2.17,0.83,0,0,0,1,0,0,1,0,0,0,0,0,0,0
55966,301,7.66,1690.6,17.2,9.8,32.5,68.5,11.92,0.93,1,0,0,0,0,0,0,0,0,0,0,0,0,0
56920,442,7.36,1555.3,38.6,8.3,31.8,82.9,6.29,3.79,0,1,0,0,0,0,1,0,0,0,0,0,1,0
56829,440,5.92,930.2,103.9,2.4,16.8,60.4,2.55,9.29,1,0,0,0,1,0,0,0,0,0,0,0,0,0
68947,394,5.67,1172.1,90.6,6.2,19.0,81.5,17.83,2.88,0,1,0,0,0,0,0,0,1,0,0,1,0,0
28271,429,7.05,1529.3,120.0,1.1,18.9,78.0,10.61,4.1,1,0,0,0,1,0,0,0,0,0,0,1,0,0
11488,106,8.48,851.2,15.0,4.6,17.5,71.4,7.91,6.2,0,1,0,0,0,0,0,0,1,0,0,0,0,0
73008,43,7.35,433.6,35.3,7.7,37.4,38.7,17.45,8.36,1,0,0,0,0,0,0,0,0,1,1,0,0,0
42827,293,8.29,619.9,108.5,4.9,26.0,72.1,2.08,7.74,0,1,0,0,0,0,0,0,0,1,0,0,1,0
40086,453,6.52,454.3,179.2,1.8,27.0,31.6,10.86,2.4,0,0,0,0,0,0,1,0,0,0,0,0,1,0
45491,254,7.04,708.2,175.8,7.0,26.3,76.8,19.4,4.65,0,0,1,0,0,0,0,1,0,0,0,1,0,0
64074,237,8.13,517.4,96.4,5.2,37.7,39.7,4.07,8.65,0,0,1,0,0,1,0,0,0,0,0,0,1,0
4032,130,8.28,1872.9,132.6,1.0,22.2,49.8,7.55,0.75,0,0,0,0,0,1,0,0,0,0,0,1,0,0
4724,114,6.05,1923.4,127.0,9.0,23.4,54.3,10.06,5.39,0,0,0,0,0,0,0,0,0,0,0,0,1,0
3921,311,6.75,961.0,30.0,8.8,35.9,52.0,13.67,1.44,0,1,0,0,0,0,0,0,0,1,0,0,0,0
16860,85,5.87,1973.2,164.7,4.7,37.3,38.2,17.88,3.19,0,0,0,1,0,0,1,0,0,0,0,1,0,0
44038,384,7.34,410.3,126.5,5.2,28.0,46.3,3.3,3.04,0,0,0,1,0,0,0,1,0,0,0,0,1,0
94637,200,8.11,757.4,193.1,0.4,35.3,36.5,16.29,4.3,0,1,0,0,1,0,0,0,0,0,0,0,0,0
32078,13,7.59,1682.9,184.8,9.1,37.7,49.2,4.81,8.79,0,1,0,0,0,0,0,0,1,0,0,0,1,0
22705,391,7.34,1031.2,127.5,6.4,21.2,80.0,3.2,3.87,0,0,0,0,0,0,1,0,0,0,0,0,0,1
98153,495,8.09,958.8,183.9,2.7,24.8,55.3,7.62,3.06,0,0,0,0,1,0,0,0,0,0,0,1,0,0
99670,297,6.46,751.9,16.5,5.6,33.1,72.5,15.04,4.25,0,0,0,1,0,0,0,1,0,0,0,0,0,0
23876,166,6.1,731.4,147.9,1.1,32.9,87.1,2.3,8.6,0,0,1,0,1,0,0,0,0,0,0,0,0,0
80225,390,7.8,1805.1,163.5,1.4,38.4,32.1,5.66,2.54,0,0,0,0,0,0,0,0,0,1,1,0,0,0
8183,369,7.93,874.9,90.6,6.7,36.6,68.6,19.49,0.53,0,0,0,0,0,1,0,0,0,0,0,1,0,0
22672,138,5.56,896.7,137.0,1.0,29.0,80.2,6.93,2.57,1,0,0,0,0,0,1,0,0,0,0,0,0,0
98274,244,7.27,1776.3,60.7,5.7,32.6,40.0,11.46,5.99,0,0,0,0,0,0,0,0,0,1,0,0,0,0
28150,466,7.53,1358.5,25.1,8.2,21.7,67.3,8.41,6.41,0,1,0,0,0,0,1,0,0,0,0,0,0,0
59590,291,6.39,1893.8,153.6,7.5,26.4,61.7,15.62,4.43,0,0,1,0,1,0,0,0,0,0,0,0,0,1
12957,274,5.96,1271.9,73.5,7.1,20.8,36.1,17.21,3.95,0,1,0,0,0,0,0,1,0,0,1,0,0,0
6208,470,7.22,201.2,134.8,1.8,37.9,86.0,15.55,4.01,0,0,1,0,0,0,0,0,0,0,0,0,0,0
13298,263,7.03,381.4,12.9,9.2,16.6,57.0,9.74,3.27,1,0,0,0,0,0,0,0,0,0,0,1,0,0
41544,441,7.55,893.1,122.3,9.8,20.9,67.4,17.73,8.43,0,0,0,1,0,0,0,0,0,1,0,1,0,0
158,425,6.05,555.0,161.3,8.6,23.0,42.1,8.83,5.31,0,0,0,0,0,1,0,0,0,0,0,0,1,0
24370,345,6.45,1773.3,36.2,8.7,29.7,85.0,18.06,7.77,1,0,0,0,0,0,0,0,1,0,0,0,1,0
10200,226,7.73,1383.1,37.4,5.2,39.5,40.5,7.85,8.99,0,0,1,0,0,0,0,0,0,1,0,1,0,0
25972,224,7.5,252.8,112.1,5.5,21.1,80.6,13.28,2.67,0,0,0,0,0,0,0,0,1,0,0,0,1,0
23868,489,6.27,650.1,140.6,2.5,17.5,52.1,5.59,5.48,0,0,0,0,0,0,0,0,1,0,0,0,0,1
29744,255,8.06,626.8,17.5,2.5,17.0,84.3,15.92,4.93,0,0,0,0,0,0,0,1,0,0,0,0,1,0
86463,393,5.57,396.5,155.9,9.8,22.4,60.3,4.53,1.68,0,0,0,0,0,0,0,0,1,0,0,1,0,0
77242,363,6.45,482.0,75.6,0.8,37.5,66.2,12.95,9.17,0,0,0,0,0,0,0,0,0,1,0,0,0,0
86018,481,7.02,270.7,84.5,8.1,26.6,30.2,18.85,1.55,1,0,0,0,0,0,0,0,0,1,0,0,0,1
6592,100,8.29,1729.1,53.8,0.1,16.5,43.8,14.9,5.77,0,0,0,0,0,0,1,0,0,0,0,0,0,1
31327,148,7.14,270.8,188.8,6.0,21.8,89.2,18.44,8.96,0,0,1,0,0,0,1,0,0,0,0,0,1,0
57442,208,7.67,1696.1,129.7,4.7,24.3,42.6,6.3,9.49,0,1,0,0,0,0,0,0,1,0,0,1,0,0
99086,233,5.92,1498.6,100.8,9.0,30.2,62.4,2.93,1.22,0,0,0,1,0,1,0,0,0,0,0,1,0,0
48140,90,6.34,1118.1,68.7,0.7,16.7,61.1,9.51,7.9,1,0,0,0,0,0,0,0,0,1,0,0,0,0
58308,217,6.76,1467.2,66.4,6.5,20.7,72.6,18.58,5.75,0,0,0,0,0,1,0,0,0,0,0,0,0,1
75233,207,7.61,1594.7,36.5,4.0,19.4,58.4,13.6,2.12,0,1,0,0,0,0,0,0,1,0,0,1,0,0
37453,139,6.9,1939.1,166.1,5.4,24.1,51.5,16.5,4.41,1,0,0,0,1,0,0,0,0,0,1,0,0,0
67347,196,7.11,912.6,162.9,6.0,30.4,48.0,2.71,7.29,0,0,1,0,0,0,0,0,0,0,1,0,0,0
41961,24,8.42,565.3,90.1,6.6,37.2,59.0,10.8,8.67,0,0,1,0,0,0,0,1,0,0,0,0,0,1
95832,288,7.8,703.9,84.7,9.2,33.7,69.7,16.17,9.96,1,0,0,0,0,0,1,0,0,0,0,0,1,0
60897,183,6.88,1613.4,171.2,8.5,32.3,62.5,17.28,9.17,0,0,1,0,0,0,0,1,0,0,0,0,0,1
46384,182,8.07,760.6,123.3,6.0,24.4,45.5,14.34,5.39,0,0,0,1,0,0,0,0,0,0,1,0,0,0
36032,39,6.7,257.9,52.3,5.3,15.2,51.5,10.91,2.03,0,0,1,0,0,0,0,1,0,0,0,0,0,0
27802,38,7.74,1092.6,136.4,9.2,23.9,56.6,10.7,2.9,0,0,1,0,0,0,0,0,0,0,1,0,0,0
6817,460,6.92,1677.9,65.3,6.3,36.3,35.6,14.44,0.76,0,0,1,0,0,0,0,1,0,0,1,0,0,0
62282,58,8.47,787.6,38.8,3.4,32.0,73.7,17.12,5.33,0,0,0,1,0,0,0,0,0,1,0,0,0,0
94813,485,7.92,629.8,91.3,0.7,25.3,86.9,15.43,3.92,1,0,0,0,0,0,0,0,0,0,0,1,0,0
7882,451,7.56,1576.5,22.6,0.9,39.6,53.4,6.2,2.98,0,1,0,0,0,0,0,0,0,0,0,0,0,1
23111,290,7.15,1989.8,69.5,8.0,24.1,41.3,4.57,9.65,0,0,0,0,0,1,0,0,0,0,0,1,0,0
27754,109,6.17,997.6,77.9,3.5,20.3,76.5,1.46,6.4,0,0,1,0,0,0,0,0,1,0,1,0,0,0
603,480,7.43,1218.3,47.9,0.3,39.2,51.5,18.59,5.77,0,0,0,0,0,0,1,0,0,0,0,1,0,0
70921,457,8.29,840.0,110.7,0.4,38.4,34.3,10.48,0.93,0,0,0,1,0,0,0,0,0,1,0,0,1,0
98975,94,6.86,1831.9,58.0,4.6,38.6,64.6,17.81,9.87,0,0,0,0,0,0,0,0,1,0,0,0,1,0
24362,411,6.43,533.7,148.9,4.3,23.5,72.0,3.12,4.3,0,0,0,1,0,0,0,0,0,1,0,0,0,0
60263,72,7.21,1068.7,17.1,2.7,39.9,74.3,10.6,6.88,1,0,0,0,0,0,1,0,0,0,0,0,0,1
12803,256,5.84,1646.8,132.2,1.8,17.5,36.1,7.86,4.96,0,0,0,0,0,0,0,0,0,0,0,0,0,0
35030,54,8.33,538.6,32.3,7.6,18.3,52.6,15.02,5.77,0,1,0,0,0,0,1,0,0,0,0,1,0,0
78050,42,6.43,947.0,175.7,4.5,22.0,66.2,8.32,5.73,0,0,0,1,1,0,0,0,0,0,0,0,0,1
4409,422,7.02,341.4,93.6,2.8,29.4,71.1,9.24,5.73,0,0,0,0,0,0,0,1,0,0,0,0,1,0
52047,99,6.41,749.1,168.9,3.1,28.4,72.3,10.92,2.0,0,1,0,0,0,0,0,0,0,0,0,1,0,0
15605,449,7.76,1228.4,105.3,0.9,21.3,33.9,8.82,2.8,0,0,1,0,1,0,0,0,0,0,0,0,0,1
89630,438,7.12,1292.8,130.3,1.6,35.3,46.9,7.24,8.02,0,0,0,1,1,0,0,0,0,0,0,1,0,0
99275,335,7.49,1308.7,93.5,5.5,20.7,50.6,17.04,1.64,0,0,0,0,0,0,1,0,0,0,0,0,0,1
13753,464,6.21,1880.5,42.4,0.7,37.3,83.1,3.48,1.07,0,0,0,1,1,0,0,0,0,0,0,1,0,0
25177,423,7.92,493.9,12.9,8.5,31.0,63.2,18.23,6.34,0,0,1,0,0,0,0,0,0,0,1,0,0,0
71908,353,7.35,1628.6,81.3,9.6,31.5,58.2,16.76,9.16,0,1,0,0,0,1,0,0,0,0,0,0,0,0
62737,272,7.85,322.7,137.4,2.8,32.5,58.2,15.28,8.7,1,0,0,0,0,1,0,0,0,0,1,0,0,0
6727,386,6.46,1652.8,78.4,2.1,32.7,60.2,18.36,9.89,0,0,0,1,1,0,0,0,0,0,0,1,0,0
16100,310,6.35,1728.4,60.9,4.7,36.5,75.2,17.95,8.01,0,0,0,1,0,1,0,0,0,0,0,0,0,1
27571,220,6.64,1688.6,49.1,7.1,36.5,89.1,4.96,2.74,0,0,0,0,0,1,0,0,0,0,1,0,0,0
32715,296,7.21,782.9,158.4,6.3,24.5,44.3,9.85,6.59,1,0,0,0,1,0,0,0,0,0,0,0,0,0
4379,27,6.66,1642.7,183.9,3.5,30.9,59.1,8.33,2.91,0,0,1,0,0,0,0,0,1,0,0,0,1,0
6392,246,7.69,1703.5,175.1,9.1,29.9,54.2,8.78,7.24,0,0,1,0,0,0,1,0,0,0,0,0,1,0
21955,82,7.27,1664.1,189.3,4.1,27.7,77.0,5.49,4.22,1,0,0,0,0,0,0,0,0,0,0,0,0,0
88656,36,7.17,671.8,41.1,2.2,21.5,34.1,15.58,7.73,0,1,0,0,0,0,0,0,0,1,1,0,0,0
65792,397,6.24,1629.5,78.4,2.4,37.2,42.7,14.26,3.88,0,0,1,0,1,0,0,0,0,0,0,1,0,0
23846,161,7.25,1539.1,11.0,9.7,37.2,52.1,14.73,7.41,1,0,0,0,0,1,0,0,0,0,1,0,0,0
35832,387,7.8,384.3,171.3,9.9,32.5,66.4,4.79,1.68,0,0,0,1,1,0,0,0,0,0,0,1,0,0
48852,135,5.92,1548.4,14.3,6.1,27.0,30.9,19.96,3.98,0,1,0,0,0,0,0,0,0,1,1,0,0,0
33022,410,7.67,1928.2,25.9,2.6,38.0,36.0,7.5,1.75,1,0,0,0,0,0,0,0,1,0,0,1,0,0
78594,437,7.57,746.8,190.9,3.0,26.1,76.7,13.02,6.84,1,0,0,0,1,0,0,0,0,0,1,0,0,0
12020,185,7.79,1131.1,82.9,1.2,38.5,37.8,4.19,6.29,0,0,1,0,1,0,0,0,0,0,0,0,0,1
81923,462,6.04,857.9,171.2,4.2,26.3,49.4,9.21,2.14,1,0,0,0,0,0,0,0,0,0,0,0,0,0
29230,129,5.93,675.9,77.1,5.5,30.2,60.4,3.53,2.1,0,0,0,1,0,1,0,0,0,0,0,0,1,0
33215,102,7.25,1345.6,11.8,8.3,35.8,89.9,11.68,5.76,0,0,0,1,0,1,0,0,0,0,0,1,0,0
87199,142,5.98,892.5,37.8,2.0,19.6,32.2,16.68,0.86,0,0,0,1,0,1,0,0,0,0,0,0,1,0
44399,395,8.32,1585.2,160.3,8.8,29.7,54.3,5.49,6.52,1,0,0,0,0,0,0,0,1,0,0,1,0,0
7646,153,5.77,354.8,70.4,2.5,20.5,56.7,16.88,9.19,0,0,0,0,1,0,0,0,0,0,0,0,0,1
33427,403,7.55,700.9,151.6,5.0,31.5,30.1,11.86,6.21,1,0,0,0,0,0,0,0,0,0,0,1,0,0
94263,45,5.67,1482.3,72.2,5.2,33.4,68.0,16.17,8.85,0,0,0,0,0,0,0,0,1,0,0,0,0,1
67682,211,7.14,1065.0,195.0,9.1,31.0,51.6,16.82,4.08,1,0,0,0,0,1,0,0,0,0,0,0,1,0
89950,413,7.15,1790.3,76.2,1.6,34.1,84.4,16.18,6.14,0,1,0,0,0,0,0,0,1,0,0,1,0,0
25797,276,6.17,277.3,83.9,1.3,19.4,49.4,12.23,1.1,0,0,0,1,0,1,0,0,0,0,0,0,0,0
15691,239,7.05,982.2,91.7,0.2,21.1,68.4,7.38,8.0,0,0,1,0,0,0,0,0,0,1,1,0,0,0
82867,152,6.89,556.8,105.8,4.9,24.5,89.3,6.33,1.19,0,1,0,0,0,0,0,0,0,0,0,0,0,1
87137,93,7.7,1698.0,180.6,2.2,25.9,47.3,14.8,6.4,0,0,1,0,0,0,0,1,0,0,0,1,0,0
44505,452,8.5,1516.6,39.1,2.3,27.6,32.6,1.55,7.12,0,0,0,0,0,0,0,0,0,0,0,0,0,1
70184,379,6.67,1446.1,70.3,8.5,36.0,89.4,12.27,7.82,0,1,0,0,0,0,0,1,0,0,0,0,0,0
99246,322,5.58,1725.6,105.3,1.5,24.5,76.8,7.61,4.71,0,1,0,0,0,0,0,0,1,0,0,0,0,0
60108,372,5.52,1327.0,86.6,5.7,15.2,58.4,13.12,2.0,0,0,0,0,0,0,1,0,0,0,0,0,1,0
81365,50,8.31,566.0,48.1,2.7,28.5,51.5,17.68,7.27,1,0,0,0,1,0,0,0,0,0,0,0,0,1
94601,454,5.59,1839.7,55.7,4.0,37.5,82.3,14.67,4.76,0,0,1,0,0,1,0,0,0,0,0,0,0,0
89125,382,6.97,959.7,70.4,2.3,36.6,68.6,10.23,5.21,0,0,0,1,0,1,0,0,0,0,1,0,0,0
99379,80,8.13,324.2,193.7,5.0,18.6,46.2,11.56,9.09,0,1,0,0,0,0,1,0,0,0,0,0,0,1
33982,359,5.69,946.7,178.4,9.3,28.6,68.6,1.79,3.97,1,0,0,0,0,0,0,0,1,0,0,1,0,0
84429,32,8.28,950.6,124.8,5.4,16.9,46.6,11.6,1.03,0,0,0,1,1,0,0,0,0,0,0,0,0,0
8991,146,6.52,721.3,130.2,2.4,22.0,31.1,14.58,3.77,1,0,0,0,0,0,0,0,0,0,0,0,0,0
9538,21,5.96,1189.8,150.6,9.4,15.3,67.9,16.08,8.67,0,1,0,0,0,0,1,0,0,0,1,0,0,0
8760,496,8.23,514.7,183.9,8.3,26.3,78.9,16.14,6.67,0,1,0,0,0,0,0,0,0,0,0,0,1,0
57226,87,7.07,377.4,17.2,0.0,28.0,88.6,5.4,6.22,0,0,0,0,1,0,0,0,0,0,0,0,1,0
23626,243,7.84,1835.5,185.9,8.8,39.3,57.9,8.3,7.2,0,0,1,0,0,0,0,0,0,1,1,0,0,0
90919,285,7.34,1868.5,15.5,0.3,34.5,47.1,14.13,9.25,0,0,0,0,0,0,0,0,0,0,1,0,0,0
92392,117,7.08,372.3,122.8,5.8,33.2,71.5,19.17,8.77,1,0,0,0,0,0,0,0,0,1,0,1,0,0
59698,168,8.47,1839.9,15.9,2.6,22.8,83.3,13.43,7.77,1,0,0,0,0,0,0,1,0,0,0,1,0,0
67899,70,8.42,538.2,135.0,4.1,28.0,38.0,15.89,8.43,0,0,1,0,0,0,1,0,0,0,0,0,0,1
34677,497,6.88,1571.2,125.7,6.8,16.4,42.5,16.36,0.94,0,1,0,0,0,1,0,0,0,0,0,1,0,0
11413,383,6.37,880.7,85.7,9.8,23.4,47.0,6.56,5.13,0,0,0,0,0,0,1,0,0,0,0,1,0,0
7783,471,8.27,265.6,165.0,1.9,19.7,76.7,9.14,0.56,1,0,0,0,0,0,0,0,0,0,0,0,0,1
60225,119,7.7,1023.6,175.0,3.2,24.4,61.2,16.33,2.18,0,0,0,1,0,0,0,0,0,0,0,1,0,0
6098,180,7.35,654.7,149.5,1.5,18.5,68.7,15.21,9.78,0,1,0,0,1,0,0,0,0,0,0,0,0,1
90525,492,8.5,1662.8,46.0,1.2,16.6,49.0,18.84,9.86,1,0,0,0,0,0,0,0,0,0,0,0,0,0
38023,3,5.56,1586.4,56.4,8.9,25.5,36.3,6.2,1.4,1,0,0,0,0,1,0,0,0,0,0,1,0,0
26484,189,5.72,1266.7,102.7,0.5,16.2,62.7,2.9,1.11,1,0,0,0,0,1,0,0,0,0,1,0,0,0
86978,110,6.91,558.6,158.3,8.5,27.4,81.2,10.83,8.32,1,0,0,0,0,0,0,0,1,0,0,0,0,0
82035,409,6.43,1954.6,148.6,9.8,25.6,63.5,10.65,1.52,0,0,0,1,0,0,0,0,1,0,0,1,0,0
67429,294,6.12,333.3,168.3,1.6,19.2,53.1,17.71,8.93,0,0,0,0,0,0,1,0,0,0,0,0,1,0
61515,430,6.88,1933.7,27.7,7.8,32.5,88.0,15.89,1.29,1,0,0,0,0,0,1,0,0,0,0,1,0,0
1263,65,7.95,874.1,96.4,6.9,30.2,81.5,19.54,7.33,0,0,1,0,0,0,0,1,0,0,1,0,0,0
63343,431,5.78,389.0,71.5,2.1,20.8,51.2,3.94,9.92,0,0,0,1,0,0,1,0,0,0,0,0,0,0
11322,26,8.48,1018.4,11.7,4.9,34.9,63.3,16.33,5.81,0,1,0,0,0,0,0,0,1,0,0,0,1,0
75774,371,6.84,1954.8,168.8,4.9,25.1,61.5,10.0,1.12,0,0,0,0,0,0,0,0,1,0,0,0,0,0
89076,111,6.21,1948.7,48.2,5.4,37.3,79.5,16.84,9.3,0,1,0,0,0,0,0,0,0,1,0,1,0,0
17519,186,5.88,1411.5,155.6,2.5,28.2,74.6,11.85,0.7,1,0,0,0,0,0,0,0,1,0,0,0,0,1
12431,77,5.93,827.1,15.1,7.9,25.6,78.9,19.43,7.63,0,1,0,0,0,0,0,0,1,0,0,0,1,0
55308,374,6.21,564.4,63.3,6.4,32.2,49.3,3.07,4.49,0,0,1,0,0,0,0,0,0,1,0,1,0,0
26192,266,6.14,704.0,60.1,9.0,24.8,44.9,8.28,8.6,1,0,0,0,0,0,1,0,0,0,0,1,0,0
66429,199,7.02,1150.3,177.4,6.1,17.3,89.5,17.58,3.84,0,1,0,0,0,0,0,0,1,0,0,0,0,1
61402,295,7.69,1823.9,71.6,2.9,15.2,66.6,6.52,3.27,0,0,0,0,0,1,0,0,0,0,0,0,0,0
88977,169,7.53,1912.4,115.1,4.1,20.9,60.2,6.69,0.85,0,0,1,0,0,0,0,0,1,0,0,0,0,1
2681,277,6.23,347.9,41.6,2.1,15.8,76.7,16.9,2.96,0,0,1,0,0,0,0,0,0,0,0,0,0,1
29500,171,7.52,758.8,175.5,1.1,27.9,54.7,8.34,9.45,0,0,1,0,0,1,0,0,0,0,1,0,0,0
8943,415,6.66,1057.8,114.0,9.9,19.3,81.3,2.09,5.71,0,1,0,0,0,0,0,0,1,0,0,0,1,0
21620,455,5.83,1752.9,131.7,7.8,27.8,52.4,2.64,3.18,0,1,0,0,1,0,0,0,0,0,0,0,0,1
35922,247,8.26,670.1,120.2,0.3,15.1,69.3,18.91,4.49,0,0,1,0,1,0,0,0,0,0,0,0,0,1
19788,179,6.18,467.3,45.3,7.4,24.1,88.4,9.74,4.83,0,1,0,0,0,1,0,0,0,0,1,0,0,0
55843,381,6.15,1326.4,85.4,7.6,30.3,88.9,3.35,3.93,0,1,0,0,0,0,1,0,0,0,0,0,1,0
54487,484,7.85,1464.4,72.8,2.0,27.8,37.8,15.76,2.29,0,0,0,1,0,0,0,0,1,0,0,0,1,0
33498,97,7.8,600.8,184.2,6.0,26.6,54.2,10.2,2.3,0,0,1,0,0,0,0,0,1,0,0,1,0,0
82551,11,6.51,355.7,132.3,1.9,20.6,59.5,5.27,6.67,0,0,0,1,0,0,0,0,0,1,0,0,0,1
55243,473,6.33,1841.6,51.8,8.9,33.0,32.8,1.83,5.33,0,0,0,0,0,0,0,1,0,0,0,0,0,1
18419,420,6.85,1031.4,15.6,6.4,20.7,59.2,15.45,1.2,0,0,1,0,1,0,0,0,0,0,0,0,1,0
73072,101,7.69,930.7,96.2,6.4,15.8,44.4,16.47,8.89,1,0,0,0,0,0,0,0,0,1,0,0,1,0
14996,357,5.53,1574.9,17.3,3.6,39.1,60.0,19.29,5.46,1,0,0,0,0,0,0,1,0,0,1,0,0,0
75363,49,7.83,834.4,164.5,9.3,31.8,31.0,9.84,2.86,0,0,0,0,0,0,0,0,0,0,0,1,0,0
7670,149,5.86,263.1,198.3,8.0,29.6,68.0,2.05,2.76,0,0,1,0,0,0,1,0,0,0,0,0,0,0
33890,401,5.53,1024.0,45.4,8.0,21.7,56.8,19.62,6.92,0,0,1,0,0,0,0,0,0,0,0,1,0,0
60240,162,6.11,1088.4,56.9,3.1,35.5,82.3,8.41,8.87,1,0,0,0,0,0,0,0,1,0,0,0,1,0
89357,316,8.15,1487.2,131.7,7.1,37.6,36.5,10.95,5.68,0,0,0,1,0,0,1,0,0,0,1,0,0,0
67098,61,5.56,1678.7,145.5,6.7,39.8,55.0,18.89,3.26,0,1,0,0,0,0,0,0,0,0,0,0,1,0
39923,248,8.01,1722.7,42.5,6.1,29.5,86.8,16.11,2.59,0,0,0,1,0,0,0,0,0,0,0,1,0,0
72213,30,5.98,1069.3,66.7,7.2,19.8,80.3,2.8,3.44,0,0,1,0,0,0,1,0,0,0,0,0,1,0
55580,63,6.33,791.1,101.6,8.7,24.5,75.3,5.92,5.3,1,0,0,0,0,0,0,0,1,0,0,0,1,0
45401,414,5.74,312.3,23.2,6.7,34.4,86.3,12.11,1.78,0,1,0,0,0,0,0,1,0,0,0,0,1,0
77960,104,8.36,589.7,163.6,8.3,32.3,88.7,18.7,3.88,1,0,0,0,0,0,0,0,0,1,0,1,0,0
53469,128,7.95,386.3,178.5,6.9,20.4,71.9,15.0,4.06,1,0,0,0,0,1,0,0,0,0,0,0,0,1
37798,486,5.84,1935.7,73.4,3.6,16.7,42.0,9.32,8.06,0,1,0,0,1,0,0,0,0,0,1,0,0,0
17261,298,6.05,313.7,19.5,9.3,19.4,79.7,18.47,8.81,1,0,0,0,0,0,1,0,0,0,1,0,0,0
69369,314,7.08,726.6,189.3,2.6,33.9,77.8,16.74,6.63,0,0,1,0,0,0,0,0,1,0,0,1,0,0
35872,478,5.98,1765.1,164.5,5.3,24.5,58.2,6.51,5.85,0,0,0,1,0,0,1,0,0,0,0,0,0,0
5863,235,7.73,1888.7,90.9,4.7,27.3,89.2,12.84,5.53,0,0,0,0,0,0,1,0,0,0,1,0,0,0
41578,323,7.5,1007.6,177.0,5.0,21.0,47.1,9.89,8.81,0,0,1,0,0,1,0,0,0,0,1,0,0,0
42029,177,8.39,1377.1,195.0,5.7,37.0,89.6,18.77,4.94,0,0,1,0,0,0,1,0,0,0,0,1,0,0
72937,198,8.25,1529.9,113.0,2.1,20.4,51.2,2.14,7.28,0,0,0,0,0,1,0,0,0,0,1,0,0,0
82151,205,7.37,1912.1,87.9,7.7,32.6,53.7,3.67,1.02,0,0,1,0,0,0,0,0,0,0,1,0,0,0
54016,380,5.58,968.9,70.8,0.6,17.6,79.3,10.71,4.69,0,0,0,0,0,0,0,0,0,1,0,0,0,0
48952,223,6.46,580.3,84.4,5.8,31.2,88.2,7.68,7.55,0,1,0,0,0,0,0,0,1,0,0,0,1,0
93768,260,6.11,1166.9,128.5,7.8,27.9,66.3,3.67,3.41,0,0,1,0,0,0,0,0,1,0,0,1,0,0
39509,218,6.75,1730.9,155.6,9.8,33.2,89.2,7.23,2.81,0,0,0,0,0,1,0,0,0,0,0,1,0,0
56698,14,7.33,733.0,182.1,5.7,18.2,38.8,18.02,4.21,1,0,0,0,0,0,1,0,0,0,0,0,0,0
34738,447,6.27,1150.6,14.6,8.7,23.4,40.1,3.9,4.07,0,0,1,0,1,0,0,0,0,0,0,1,0,0
64676,147,5.68,1615.1,73.3,1.5,21.7,45.9,2.15,1.18,0,0,0,0,0,0,0,1,0,0,0,1,0,0
76502,463,7.85,1080.5,170.3,5.3,23.0,72.5,6.93,5.9,0,1,0,0,0,0,0,1,0,0,0,1,0,0
64872,264,6.6,620.3,97.0,3.3,22.4,63.7,3.53,9.22,0,1,0,0,0,0,0,0,1,0,1,0,0,0
51638,103,7.36,1330.3,71.4,8.6,30.0,64.8,14.89,8.43,0,1,0,0,0,0,0,0,1,0,0,0,0,1
87907,89,6.23,869.0,188.3,0.7,36.8,82.6,3.64,3.22,0,0,0,0,0,1,0,0,0,0,0,1,0,0
35940,175,6.77,543.5,147.8,1.9,36.4,56.9,3.15,5.61,0,0,0,0,1,0,0,0,0,0,0,0,1,0
81089,483,7.27,951.6,100.9,6.5,25.3,40.7,3.82,3.0,0,0,0,1,0,0,1,0,0,0,0,1,0,0
40857,232,5.99,1126.4,138.8,0.3,32.4,33.3,18.08,9.46,0,0,0,1,0,0,0,0,0,0,0,0,0,1
5672,188,7.35,1464.9,55.3,9.4,28.9,84.1,19.17,3.18,1,0,0,0,0,0,0,0,0,1,0,1,0,0
16911,184,6.55,236.8,29.9,4.4,19.6,61.6,10.69,9.47,0,0,1,0,0,0,0,0,0,1,0,0,1,0
28097,174,6.2,999.7,59.3,7.3,29.2,51.4,14.21,1.38,0,0,0,1,0,0,0,0,0,1,0,0,0,0
43578,342,8.1,1042.0,126.8,9.4,33.9,75.3,16.51,0.52,1,0,0,0,0,0,0,0,1,0,1,0,0,0
92645,240,6.82,981.2,38.0,8.6,38.3,42.6,6.74,2.78,0,0,0,0,0,0,0,1,0,0,0,1,0,0
85772,126,6.42,1922.9,55.3,8.8,24.3,52.5,13.37,7.24,0,0,1,0,0,0,0,0,0,0,0,0,0,1
55650,73,6.47,1064.2,109.2,3.4,21.2,81.7,10.82,5.29,0,0,1,0,0,1,0,0,0,0,1,0,0,0
42064,238,6.29,1555.9,48.5,0.5,26.1,32.3,13.86,4.76,0,1,0,0,0,1,0,0,0,0,0,0,1,0
69541,373,6.08,483.1,123.9,9.1,39.1,51.7,12.69,8.64,0,0,0,0,0,0,0,1,0,0,0,0,0,1
75969,362,7.83,558.5,52.4,0.7,18.7,40.0,18.74,2.24,0,1,0,0,0,0,0,0,0,1,0,0,0,1
418,494,7.46,544.6,159.1,0.9,39.4,64.1,13.86,6.33,0,0,1,0,1,0,0,0,0,0,0,0,0,1
93428,292,6.66,1936.9,104.5,9.4,30.8,33.1,7.19,2.62,0,0,0,0,0,0,0,0,0,0,0,0,0,0
34979,282,5.65,719.7,70.5,1.0,31.4,58.6,1.04,9.74,0,0,0,0,0,0,1,0,0,0,0,1,0,0
73498,57,7.9,724.3,37.6,1.3,38.4,56.9,13.26,9.95,0,0,0,1,0,0,1,0,0,0,1,0,0,0
92478,231,5.86,1681.6,129.6,8.5,30.9,44.9,5.44,8.34,0,0,1,0,0,1,0,0,0,0,0,1,0,0
16792,143,5.84,765.7,169.9,3.8,37.5,77.8,4.83,6.39,0,0,0,0,0,1,0,0,0,0,0,1,0,0
98407,17,6.3,1728.3,182.5,6.7,39.8,87.8,3.0,0.96,0,0,0,0,0,0,0,0,1,0,0,0,0,0
20922,434,6.18,1632.8,57.1,2.7,29.4,62.0,5.13,8.42,0,0,1,0,1,0,0,0,0,0,0,0,0,1
8476,157,7.66,741.3,171.1,7.9,38.4,66.6,17.38,3.91,0,1,0,0,0,0,0,0,0,0,0,0,0,0
50337,324,8.37,255.4,112.4,6.1,24.7,41.4,14.59,6.72,0,0,0,1,0,0,0,0,0,0,0,0,0,0
2287,259,7.88,1500.4,33.2,6.5,38.4,33.9,3.01,8.89,0,0,0,0,0,0,0,0,0,0,0,0,1,0
45979,178,6.31,1897.3,39.4,5.4,29.3,33.8,16.66,5.87,0,0,0,1,1,0,0,0,0,0,0,0,0,0
69299,74,5.94,1261.2,126.7,4.5,34.0,57.5,2.65,2.43,0,1,0,0,0,0,1,0,0,0,1,0,0,0
4683,170,8.16,1757.0,151.7,9.0,30.8,37.2,10.11,4.45,0,1,0,0,0,1,0,0,0,0,0,0,0,0
5329,258,6.98,615.4,40.7,2.7,28.9,85.6,7.24,3.64,0,1,0,0,0,0,0,1,0,0,0,0,0,0
46807,213,7.34,382.4,102.5,3.4,16.9,31.5,14.15,3.64,1,0,0,0,0,1,0,0,0,0,1,0,0,0
93855,416,8.06,1711.1,111.9,6.8,17.5,83.4,15.64,1.41,1,0,0,0,0,1,0,0,0,0,0,0,1,0
45863,210,5.77,228.1,120.2,1.5,21.1,80.7,9.65,9.88,1,0,0,0,0,1,0,0,0,0,0,0,0,0
25205,176,5.78,303.6,37.4,4.7,33.7,78.2,17.83,7.72,1,0,0,0,1,0,0,0,0,0,0,0,1,0
64171,350,5.99,554.0,38.7,5.1,37.6,54.7,4.42,3.49,1,0,0,0,0,0,0,0,1,0,1,0,0,0
46652,337,8.08,1754.7,137.3,7.5,32.4,72.2,4.77,4.92,0,0,1,0,0,0,0,0,0,1,0,1,0,0
55842,132,8.06,1988.2,25.8,0.0,25.7,68.4,17.49,3.06,1,0,0,0,0,0,0,0,0,1,0,0,0,0
56245,286,8.19,1990.2,55.9,7.0,23.2,53.3,15.14,5.33,0,0,0,0,0,0,1,0,0,0,0,0,1,0
53733,107,5.98,716.5,127.9,0.2,21.8,68.7,14.83,5.93,0,0,0,1,1,0,0,0,0,0,0,0,1,0
20277,479,7.61,836.3,99.0,8.8,35.4,88.1,17.63,3.79,1,0,0,0,0,0,1,0,0,0,0,0,0,1
41392,25,6.66,1208.4,35.7,6.4,29.2,50.2,18.81,9.35,0,0,1,0,0,1,0,0,0,0,0,1,0,0
64633,289,7.64,1951.7,188.6,8.5,30.0,43.6,14.56,9.82,0,0,0,0,1,0,0,0,0,0,0,1,0,0
31841,118,7.86,748.4,112.4,6.9,18.4,78.6,8.2,9.26,1,0,0,0,0,0,0,0,0,1,0,0,1,0
23536,456,6.77,1647.7,99.7,9.4,34.5,48.3,5.71,3.62,0,0,0,0,0,0,1,0,0,0,0,0,0,1
19178,318,5.58,869.6,110.6,8.5,20.7,74.1,10.04,2.44,0,1,0,0,0,0,0,0,0,0,0,1,0,0
83309,315,8.18,663.8,120.9,7.2,28.4,60.3,2.41,4.14,1,0,0,0,0,0,0,0,0,1,0,1,0,0
77827,428,7.09,458.4,154.9,1.9,27.8,39.7,19.37,6.76,0,0,1,0,0,0,0,1,0,0,0,0,0,0
58852,108,5.58,359.8,92.1,3.3,29.3,87.5,4.19,2.84,0,0,0,1,1,0,0,0,0,0,0,1,0,0
33462,328,7.51,1367.8,158.7,4.7,36.8,57.1,11.27,2.54,0,0,0,1,0,1,0,0,0,0,0,0,0,1
33189,67,7.4,1036.0,134.3,4.4,30.4,78.8,13.42,5.54,0,0,0,0,0,0,0,0,1,0,0,1,0,0
46553,250,7.34,1370.2,154.2,0.5,24.6,68.7,15.04,5.62,0,1,0,0,0,0,0,1,0,0,1,0,0,0
24677,191,7.46,496.8,81.8,3.0,17.7,50.6,8.83,6.99,0,0,0,1,0,0,0,0,0,1,0,0,0,0
96852,234,7.49,1345.1,137.6,1.9,21.0,35.3,17.43,8.61,0,0,1,0,0,0,0,0,1,0,1,0,0,0
41884,6,7.85,1574.6,28.7,3.0,21.2,75.9,3.99,2.77,0,0,0,0,1,0,0,0,0,0,0,0,0,0
84241,354,5.81,298.5,118.7,1.2,39.0,77.0,16.83,10.0,1,0,0,0,0,1,0,0,0,0,0,1,0,0
89845,389,7.2,316.8,164.1,2.1,25.0,75.0,16.65,7.27,1,0,0,0,0,0,0,0,0,1,1,0,0,0
71159,262,5.53,957.8,31.6,5.0,20.1,54.7,1.66,0.84,0,1,0,0,0,1,0,0,0,0,0,0,0,1
27745,398,8.16,1892.7,102.7,8.3,31.8,63.1,19.91,7.2,0,1,0,0,0,0,0,0,0,0,0,1,0,0
32573,35,8.04,695.6,53.2,4.7,25.9,86.3,5.74,6.5,0,0,0,0,0,0,0,1,0,0,0,0,0,1
23347,15,7.93,1233.1,60.8,9.1,34.4,60.0,17.74,3.62,0,0,0,0,1,0,0,0,0,0,0,1,0,0
93624,268,7.54,1384.7,182.8,2.3,35.9,66.9,15.5,9.66,0,1,0,0,0,1,0,0,0,0,0,0,0,0
30910,279,5.9,1525.3,94.2,2.0,21.4,65.6,6.78,2.4,0,1,0,0,0,0,0,1,0,0,1,0,0,0
29665,251,6.32,1798.7,151.4,6.7,24.9,77.0,7.3,1.0,1,0,0,0,0,0,0,0,0,1,0,0,0,0
2873,356,7.6,360.5,196.9,1.3,15.1,86.9,2.23,8.43,0,1,0,0,0,0,1,0,0,0,0,1,0,0
3918,339,5.92,659.9,196.4,3.6,17.9,74.3,7.51,1.54,0,0,0,0,1,0,0,0,0,0,1,0,0,0
61551,12,6.78,990.5,178.7,0.5,20.9,62.0,5.02,1.92,0,0,1,0,1,0,0,0,0,0,0,0,0,1
6082,62,5.78,1769.8,89.7,6.2,34.1,67.0,19.84,9.89,0,1,0,0,1,0,0,0,0,0,0,1,0,0
99137,273,7.1,1466.2,58.0,6.5,31.2,48.6,18.47,2.74,0,1,0,0,1,0,0,0,0,0,1,0,0,0
43267,51,7.35,295.2,172.3,4.0,16.5,60.1,12.49,9.17,1,0,0,0,0,0,0,0,0,1,0,0,0,0
4232,458,8.28,1781.8,22.1,5.5,30.7,52.0,16.42,9.71,1,0,0,0,0,0,0,1,0,0,0,0,1,0
57514,306,7.85,264.8,38.2,8.7,32.9,46.7,12.64,8.77,0,0,0,1,0,0,0,1,0,0,0,0,1,0
46665,159,5.82,1860.7,53.0,1.4,15.6,48.4,18.29,2.91,0,0,0,1,0,1,0,0,0,0,0,0,0,0
45047,241,7.49,1105.9,189.6,8.3,26.5,87.6,18.91,4.99,0,0,1,0,0,0,0,0,0,1,0,0,0,0
79178,173,6.32,312.3,186.5,9.7,16.6,52.6,8.77,0.62,0,1,0,0,0,0,0,0,1,0,0,0,0,0
113,309,7.7,1777.9,10.0,3.2,23.2,42.0,11.64,8.15,0,0,0,0,0,0,0,0,1,0,0,0,0,0
30583,303,8.08,1874.1,60.1,0.8,15.8,89.5,7.11,3.86,0,0,0,1,0,0,1,0,0,0,0,0,1,0
11128,334,6.3,1787.8,28.9,8.9,37.2,88.3,8.55,3.47,0,1,0,0,0,0,0,1,0,0,0,1,0,0
19767,136,6.25,366.8,33.1,6.0,33.5,82.9,14.74,3.62,0,0,0,1,0,0,0,1,0,0,0,0,0,0
2789,91,6.44,1980.4,11.7,0.3,39.9,45.5,11.33,1.48,1,0,0,0,0,1,0,0,0,0,0,0,0,0
89128,304,8.15,433.4,168.3,0.6,33.9,33.9,19.19,6.14,0,0,1,0,0,1,0,0,0,0,0,1,0,0
14784,160,6.5,977.3,32.7,9.7,20.7,71.7,15.44,3.05,1,0,0,0,0,0,0,0,0,0,0,0,0,1
96080,400,6.78,1927.6,68.2,7.9,29.1,63.4,9.92,5.57,0,0,1,0,0,0,0,0,0,0,1,0,0,0
44289,10,5.63,1937.8,41.5,2.0,25.8,77.2,14.98,6.99,0,0,1,0,0,0,0,0,1,0,0,0,1,0
88452,202,7.66,1049.7,164.1,3.2,29.3,59.8,15.41,9.11,1,0,0,0,0,1,0,0,0,0,0,0,0,1
72249,144,6.14,1396.7,44.6,8.3,31.9,78.1,6.3,7.8,0,0,1,0,0,0,0,0,1,0,1,0,0,0
76407,192,7.96,591.1,61.5,9.8,39.4,60.3,8.17,2.91,0,0,1,0,0,1,0,0,0,0,0,1,0,0
45456,215,7.74,1206.4,62.6,2.6,29.4,48.0,7.84,1.12,0,0,0,0,0,0,0,0,0,1,0,1,0,0
88148,245,8.31,370.3,36.4,3.5,30.0,75.4,2.39,5.14,0,0,0,0,0,0,0,0,1,0,1,0,0,0
35533,472,8.23,949.6,185.0,0.4,32.9,70.6,5.33,4.68,0,0,0,0,0,1,0,0,0,0,1,0,0,0
23976,233,7.68,1391.1,90.1,7.0,18.5,54.8,19.79,9.71,1,0,0,0,0,0,1,0,0,0,0,0,0,1
8472,376,7.48,1513.4,88.3,2.7,27.7,55.1,7.38,3.13,0,1,0,0,0,1,0,0,0,0,0,0,1,0
56225,331,7.06,1775.8,65.1,0.8,25.1,35.0,8.52,7.8,0,1,0,0,0,0,1,0,0,0,0,0,0,1
33217,155,7.9,1572.8,53.5,7.1,18.1,36.2,4.62,6.91,0,0,0,0,0,0,0,0,0,1,0,0,0,1
25525,0,5.53,1863.9,27.4,4.1,21.2,78.1,1.07,9.75,1,0,0,0,1,0,0,0,0,0,1,0,0,0
78065,360,5.69,1486.0,154.1,3.1,22.7,50.3,14.04,6.66,1,0,0,0,0,0,0,0,0,0,1,0,0,0
42949,477,8.02,1187.7,151.2,1.3,31.9,37.9,17.63,1.27,0,0,0,1,1,0,0,0,0,0,0,0,1,0
89480,29,7.81,293.8,15.4,0.3,15.7,80.3,14.95,9.49,0,0,1,0,0,0,0,0,1,0,0,0,0,0
93644,426,5.83,296.7,59.2,1.9,17.9,56.7,3.49,4.8,0,1,0,0,1,0,0,0,0,0,0,1,0,0
84392,405,6.13,691.0,63.7,2.5,26.7,72.1,11.41,9.39,0,0,0,0,0,0,1,0,0,0,0,0,1,0
42310,325,5.91,1946.5,123.7,4.3,16.3,49.4,2.03,2.72,1,0,0,0,0,1,0,0,0,0,1,0,0,0
38698,216,5.77,777.5,176.7,3.9,17.7,72.1,18.15,2.36,0,1,0,0,1,0,0,0,0,0,0,1,0,0
96404,336,8.02,1267.5,55.5,0.5,36.5,47.7,9.07,7.99,0,0,1,0,0,0,1,0,0,0,0,1,0,0
25066,493,6.68,1034.0,155.6,3.4,23.3,56.0,1.42,6.68,0,1,0,0,0,0,0,1,0,0,0,1,0,0
56738,221,6.27,1567.3,106.3,1.7,24.5,65.8,14.11,3.54,0,0,0,1,0,1,0,0,0,0,0,0,1,0
32145,158,6.35,1157.8,85.6,3.3,15.6,79.2,6.27,4.87,1,0,0,0,0,1,0,0,0,0,1,0,0,0
71696,228,6.35,1876.0,51.4,8.6,33.1,32.7,17.58,1.67,0,0,0,1,0,0,1,0,0,0,0,1,0,0
6560,44,6.17,635.4,53.7,0.4,29.8,60.7,7.48,1.21,0,1,0,0,0,0,1,0,0,0,0,1,0,0
86123,214,5.99,652.6,61.3,8.8,39.1,39.0,4.03,2.98,1,0,0,0,1,0,0,0,0,0,1,0,0,0
16508,358,6.13,385.2,28.0,3.1,18.4,88.2,7.53,5.81,0,1,0,0,0,0,0,0,1,0,0,0,0,1
10688,418,5.86,294.1,21.7,1.9,19.6,60.2,16.37,3.4,0,0,0,0,0,0,0,0,0,0,0,1,0,0
11175,333,7.21,1804.5,170.8,8.5,25.4,52.5,18.03,8.32,0,1,0,0,0,0,0,0,1,0,0,0,0,1
91592,461,5.86,725.0,87.6,2.2,38.6,43.1,15.47,5.37,0,0,0,0,0,0,0,0,1,0,0,0,0,0
56594,370,6.38,1526.4,24.2,5.6,19.5,30.6,9.06,1.95,0,0,0,1,0,0,0,0,0,0,1,0,0,0
2615,249,5.86,393.6,166.4,9.8,16.9,73.8,10.42,7.82,0,0,0,1,0,0,0,0,0,0,0,1,0,0
28889,68,8.28,1067.7,139.6,6.7,15.2,34.4,10.2,3.9,0,0,0,1,0,0,0,0,0,1,0,1,0,0
509,267,6.12,972.1,124.3,4.5,26.7,34.6,2.76,9.05,0,0,0,0,1,0,0,0,0,0,1,0,0,0
14096,269,5.65,1827.5,63.2,2.8,31.8,77.3,6.1,8.87,1,0,0,0,0,0,1,0,0,0,0,0,0,0
15944,154,6.29,1514.0,193.9,4.3,18.9,80.2,2.27,8.29,0,0,0,0,0,0,0,1,0,0,0,0,1,0
2181,421,6.37,1551.1,177.2,9.7,19.7,43.9,16.27,1.09,0,0,0,0,0,0,0,0,1,0,1,0,0,0
90724,392,8.42,625.2,171.5,4.6,24.1,44.2,10.19,9.01,0,0,0,0,0,0,0,0,0,1,0,0,1,0
76940,377,5.97,1230.3,153.0,8.7,39.7,65.1,18.71,6.7,0,0,0,0,0,1,0,0,0,0,0,0,0,0
3931,488,7.13,1646.1,130.4,9.4,17.4,83.9,15.17,1.45,0,1,0,0,0,1,0,0,0,0,0,0,1,0
17986,468,6.41,1540.1,155.5,7.1,20.1,53.9,18.61,2.94,0,0,1,0,0,0,0,1,0,0,0,0,0,0
62661,491,5.85,1799.0,148.8,3.6,30.9,48.4,13.71,5.37,0,0,1,0,0,0,0,0,0,1,0,0,0,1
68679,7,8.32,1922.7,118.5,3.6,29.6,57.7,1.96,6.05,0,1,0,0,1,0,0,0,0,0,0,0,1,0
42144,476,6.45,983.4,173.5,7.4,19.9,62.7,11.96,3.76,0,0,0,0,0,0,0,1,0,0,1,0,0,0
8673,404,7.54,1463.6,120.0,3.2,26.4,54.9,14.99,4.3,0,0,0,1,0,0,0,0,0,0,0,0,0,0
845,230,8.31,276.6,62.8,2.8,38.5,81.3,3.45,3.71,0,0,0,0,0,0,0,0,0,0,0,0,0,0
81023,116,7.26,1946.4,75.2,1.3,39.5,33.1,15.28,5.67,0,0,0,0,1,0,0,0,0,0,0,0,0,1
10088,465,6.25,1245.2,152.5,3.1,23.7,84.2,8.15,4.61,0,1,0,0,0,0,0,1,0,0,0,0,0,0
22465,55,6.97,1585.9,78.3,8.9,28.6,74.0,9.45,8.41,0,0,0,0,0,0,0,0,0,0,0,0,1,0
53793,368,7.39,301.4,81.6,5.2,17.4,78.0,8.96,5.68,0,0,1,0,1,0,0,0,0,0,0,0,0,1
69131,329,7.89,1248.8,44.6,3.4,24.7,33.8,11.88,5.37,0,0,0,1,0,0,0,0,1,0,0,0,1,0
13191,112,7.88,1922.2,146.4,8.3,30.6,86.4,17.9,7.81,1,0,0,0,0,0,0,1,0,0,1,0,0,0
75746,201,6.33,1102.8,196.4,4.7,21.2,46.4,17.52,0.95,0,0,0,0,0,1,0,0,0,0,0,0,0,1
26857,56,8.34,449.5,70.8,1.0,20.1,32.2,5.13,1.15,0,0,0,0,1,0,0,0,0,0,0,0,0,1
23604,121,5.73,498.2,51.1,4.8,34.2,81.0,2.16,4.57,0,1,0,0,0,0,0,0,1,0,0,0,0,0
45867,332,7.62,1260.3,112.8,6.4,24.5,51.2,14.45,6.43,0,0,0,1,0,0,1,0,0,0,0,1,0,0
50980,47,6.61,1546.4,167.6,8.3,22.6,37.1,17.59,2.98,0,0,1,0,0,0,0,0,0,0,0,0,0,0
74470,60,7.43,231.5,43.7,6.4,26.5,52.2,1.78,7.82,0,1,0,0,0,0,0,0,0,0,0,1,0,0
6813,320,7.42,1423.6,52.2,0.3,30.6,37.5,15.11,5.05,0,0,1,0,0,0,0,0,1,0,0,0,0,0
91219,225,7.59,1763.6,46.7,5.5,39.0,34.0,12.71,4.62,0,1,0,0,1,0,0,0,0,0,0,0,0,1
48374,212,8.43,1905.4,97.2,2.9,35.3,57.5,16.08,9.14,0,0,0,1,1,0,0,0,0,0,0,0,1,0
40714,346,6.59,245.6,174.2,2.6,37.4,79.4,11.22,2.65,1,0,0,0,0,1,0,0,0,0,0,0,0,0
54797,270,7.97,564.2,76.4,4.0,19.8,49.3,11.85,7.7,0,0,0,1,0,0,1,0,0,0,0,0,0,1
83371,197,7.56,577.5,151.2,4.4,35.4,76.7,15.24,1.92,0,0,0,0,0,0,1,0,0,0,0,1,0,0
46026,257,7.06,221.8,139.9,2.5,16.9,75.5,18.37,1.15,1,0,0,0,0,1,0,0,0,0,0,0,0,1
77107,75,6.04,540.2,84.7,4.5,15.3,66.1,10.33,8.55,0,0,0,1,0,0,0,0,0,0,1,0,0,0
67777,448,6.7,1265.6,105.9,3.6,26.3,51.6,8.27,9.81,0,0,0,1,0,0,0,1,0,0,1,0,0,0
81814,490,7.82,358.0,76.9,7.9,32.5,77.2,10.46,1.98,0,1,0,0,1,0,0,0,0,0,0,1,0,0
86087,151,5.57,1353.0,100.9,8.1,17.7,53.6,10.35,6.8,1,0,0,0,0,0,0,1,0,0,0,0,0,1
87144,193,6.16,1287.6,137.7,9.4,32.0,34.5,9.7,2.46,1,0,0,0,0,0,0,1,0,0,0,0,1,0
67717,125,7.58,877.4,18.9,9.1,15.6,81.9,14.54,5.07,0,0,1,0,0,0,0,1,0,0,0,0,1,0
81400,115,7.35,1646.2,55.8,4.7,37.8,72.6,4.63,7.23,0,0,1,0,0,0,1,0,0,0,0,1,0,0
68111,64,7.68,1445.9,152.6,0.2,37.7,50.5,8.52,2.68,0,1,0,0,0,1,0,0,0,0,1,0,0,0
20645,71,5.72,838.0,18.8,1.1,34.4,36.4,13.38,8.26,1,0,0,0,0,0,0,0,0,1,1,0,0,0
49126,469,5.92,1293.6,12.2,0.3,24.7,77.5,2.81,8.48,0,0,1,0,0,0,0,1,0,0,0,0,0,1
68543,271,6.22,208.7,136.0,9.3,35.8,81.7,3.84,2.44,0,0,1,0,0,0,0,0,0,0,0,0,0,0
11222,445,7.33,1742.0,124.5,0.7,20.6,38.4,7.65,0.65,1,0,0,0,0,0,0,0,1,0,0,0,0,1
33732,227,7.25,972.1,158.3,3.7,26.5,82.3,7.85,4.0,0,0,0,1,0,0,0,0,0,1,0,1,0,0
36397,156,8.49,557.6,187.5,7.5,27.9,31.3,17.78,3.14,0,0,1,0,0,1,0,0,0,0,0,0,0,0
21999,2,7.22,358.4,102.9,1.1,17.0,63.9,16.66,9.07,0,0,0,0,0,0,0,0,1,0,0,0,0,1
93820,408,8.12,829.8,151.3,8.5,19.4,70.6,14.82,7.94,0,0,1,0,0,0,0,0,0,1,1,0,0,0
88783,367,8.01,1909.7,69.3,5.9,19.2,77.7,5.09,2.11,0,0,1,0,0,0,0,1,0,0,0,0,1,0
42156,84,6.11,1056.4,113.7,3.6,25.6,39.7,6.41,7.64,1,0,0,0,0,0,0,0,0,1,0,0,1,0
61360,229,8.36,927.7,45.8,4.6,15.0,36.3,19.71,5.22,0,0,0,1,0,0,0,0,0,0,1,0,0,0
55083,327,6.37,1352.7,160.3,1.5,16.1,60.0,17.93,6.06,0,0,1,0,0,0,1,0,0,0,0,0,0,0
71519,467,5.68,1456.5,90.0,7.5,34.7,68.0,9.81,2.5,0,0,0,1,0,1,0,0,0,0,0,0,0,0
17352,46,6.79,1107.3,19.7,3.4,36.1,41.1,1.47,3.1,0,1,0,0,0,0,0,0,1,0,0,0,0,0
23177,187,6.78,1327.3,59.2,6.2,37.5,86.8,4.64,4.11,0,0,0,0,0,0,1,0,0,0,0,0,1,0
91915,96,5.9,472.2,174.9,2.7,22.3,67.6,8.0,6.22,0,0,0,1,0,0,0,0,0,0,0,1,0,0
42766,406,7.79,967.1,151.7,4.8,36.9,78.3,16.6,1.63,0,0,0,1,0,0,0,1,0,0,0,0,0,0
72155,242,7.0,413.9,154.9,3.6,36.8,89.8,1.29,3.45,0,0,0,1,0,0,0,0,0,0,0,1,0,0
46978,48,5.97,1826.2,11.2,3.9,24.8,63.9,4.72,3.2,0,0,0,1,1,0,0,0,0,0,0,0,0,0
88562,253,6.53,473.7,142.5,8.8,18.0,46.9,19.28,2.26,0,0,1,0,0,0,0,0,1,0,0,1,0,0
5342,197,5.68,1226.1,56.1,8.6,38.5,88.6,1.71,0.98,0,0,0,0,0,0,0,0,1,0,0,1,0,0
50695,487,6.85,486.2,146.1,6.1,34.1,79.6,15.13,9.18,0,0,0,1,0,0,0,0,1,0,0,0,0,0
48751,86,6.49,1948.1,93.3,3.0,17.9,53.2,14.66,5.16,0,0,1,0,0,0,0,0,0,1,1,0,0,0
99872,385,5.69,1010.5,123.5,7.5,21.2,57.9,5.59,3.02,0,0,0,1,0,1,0,0,0,0,0,0,0,1
51453,20,6.31,1304.0,173.7,7.5,27.3,56.3,15.37,6.86,1,0,0,0,0,0,0,0,0,0,0,0,0,0
62964,66,8.3,1876.0,195.0,3.1,27.0,84.0,15.54,5.48,1,0,0,0,1,0,0,0,0,0,0,0,0,1
490,317,7.07,700.8,69.4,2.9,30.9,66.2,15.92,1.17,0,0,1,0,0,0,0,0,0,1,0,1,0,0
95617,283,6.36,825.8,177.8,2.7,19.5,32.9,15.26,1.53,0,0,1,0,0,0,0,0,0,0,0,1,0,0
24701,284,5.86,1009.9,134.8,3.7,32.1,86.9,11.33,5.67,0,1,0,0,0,0,1,0,0,0,0,0,0,1
39499,4,7.34,396.1,92.1,2.0,19.2,31.6,6.16,3.81,0,0,0,1,0,0,0,1,0,0,0,0,0,1
71812,9,7.94,1330.9,189.6,1.1,27.0,41.9,14.73,2.4,0,0,1,0,0,0,0,0,0,0,0,0,0,0
44418,181,8.11,1162.5,97.0,5.4,15.5,68.6,8.07,8.58,1,0,0,0,0,0,0,0,0,0,0,0,0,0
64463,5,6.4,564.4,170.1,5.5,21.8,80.3,5.7,9.84,0,0,0,1,0,0,0,1,0,0,0,0,1,0
50623,341,5.9,356.0,110.0,4.1,18.9,77.3,7.36,3.51,0,1,0,0,1,0,0,0,0,0,0,0,0,1
8087,375,6.14,1830.6,175.9,7.6,37.3,54.9,7.85,1.48,0,0,1,0,0,0,0,0,0,1,0,0,0,1
19716,33,6.73,250.9,141.2,4.7,17.6,72.0,16.19,8.52,0,0,0,1,0,0,0,1,0,0,0,0,0,1
51125,446,7.56,1185.8,171.2,1.9,36.6,85.5,6.6,3.65,0,0,0,0,0,0,1,0,0,0,0,0,0,0
25566,344,5.74,1219.7,188.3,5.2,27.2,73.4,17.34,8.28,0,0,0,0,0,0,0,0,1,0,0,0,0,1
17876,203,7.12,1082.6,40.0,5.6,17.8,64.5,9.53,2.33,0,0,0,0,1,0,0,0,0,0,0,0,1,0
46711,123,6.62,822.5,60.0,0.6,27.0,68.5,18.93,7.41,1,0,0,0,0,1,0,0,0,0,0,0,0,1
86645,349,6.67,990.6,176.0,6.2,18.4,30.5,9.35,6.44,0,0,1,0,0,0,0,0,1,0,1,0,0,0
2929,41,6.37,1304.8,54.0,1.0,40.0,30.8,19.91,9.71,0,0,0,0,0,0,0,1,0,0,0,0,0,0
38731,300,6.96,927.3,55.9,5.1,28.6,52.8,13.28,6.25,1,0,0,0,0,0,0,1,0,0,0,0,1,0
14102,312,6.32,731.8,38.0,7.2,37.1,45.5,6.25,1.08,0,0,0,0,0,1,0,0,0,0,0,0,0,0
32153,59,6.25,1339.7,127.7,5.9,39.4,84.0,10.85,4.05,0,0,1,0,0,1,0,0,0,0,0,0,0,0
42582,319,7.47,1267.8,106.7,9.7,36.0,85.1,17.42,6.82,0,0,0,0,0,0,0,0,0,1,0,0,0,0
6934,127,7.43,847.4,80.5,9.3,25.1,48.6,17.22,5.63,0,0,1,0,1,0,0,0,0,0,0,1,0,0
57995,145,6.4,306.5,88.4,4.0,31.1,34.9,13.98,9.74,1,0,0,0,0,1,0,0,0,0,0,0,0,0
92342,34,6.7,1806.6,114.6,7.9,28.4,67.9,15.81,1.05,1,0,0,0,0,0,0,0,1,0,0,0,1,0
56277,219,5.77,273.6,60.4,5.3,37.9,88.2,16.67,4.66,0,0,1,0,0,0,1,0,0,0,0,1,0,0
71805,361,5.59,204.4,177.6,1.2,38.2,80.5,4.79,4.08,0,0,1,0,0,0,0,0,0,0,0,0,1,0
47893,69,5.81,1090.6,69.7,6.1,27.7,33.3,7.63,1.17,0,1,0,0,0,0,1,0,0,0,0,1,0,0
68532,16,5.88,1000.1,105.9,8.5,34.3,86.8,3.99,5.24,0,0,0,1,0,0,1,0,0,0,0,0,1,0
32685,137,6.46,1725.0,84.9,7.9,38.9,54.8,5.32,9.42,0,0,0,0,0,0,0,0,1,0,1,0,0,0
64023,432,7.34,1651.0,83.3,4.3,21.3,75.6,9.0,1.98,0,1,0,0,1,0,0,0,0,0,0,1,0,0
55824,343,7.04,1591.2,175.2,3.3,28.0,32.2,19.63,6.55,0,0,0,1,0,1,0,0,0,0,0,0,1,0
40826,190,6.32,699.7,19.8,9.6,27.6,71.9,9.76,3.36,0,0,0,1,0,0,0,0,1,0,0,0,0,1
78942,133,8.17,491.8,86.7,8.6,22.6,41.1,19.23,4.97,0,1,0,0,0,0,0,0,0,1,1,0,0,0
75301,330,6.15,1609.5,56.7,0.2,16.6,58.1,7.45,9.69,0,1,0,0,0,1,0,0,0,0,0,1,0,0
55994,122,5.65,1150.1,96.0,1.5,30.0,63.1,15.45,5.22,0,0,0,0,1,0,0,0,0,0,1,0,0,0
3706,287,7.3,1917.2,79.5,8.1,23.0,55.5,10.79,8.34,0,1,0,0,0,0,0,0,1,0,0,1,0,0
75256,474,6.46,971.5,150.9,1.3,37.1,62.9,6.16,3.7,1,0,0,0,1,0,0,0,0,0,1,0,0,0
65398,313,6.13,1025.7,41.4,2.3,17.4,53.8,13.64,4.97,0,0,0,0,0,0,0,1,0,0,0,0,0,0
14178,204,8.43,1102.8,67.0,9.9,27.6,34.7,6.34,0.73,0,0,0,1,0,0,0,0,1,0,0,1,0,0
24955,321,7.98,1650.0,55.5,0.8,18.8,66.6,2.42,1.69,0,0,0,1,1,0,0,0,0,0,0,0,1,0
5743,163,7.75,1534.2,92.0,4.4,36.1,77.5,19.99,9.53,0,0,0,1,0,0,0,0,1,0,0,0,1,0
19304,365,8.3,588.2,195.6,9.6,20.3,59.9,4.02,2.58,0,0,0,1,0,0,0,0,1,0,0,0,0,1
60921,194,7.44,1897.2,62.2,7.6,38.9,89.9,19.84,7.84,0,0,1,0,0,0,1,0,0,0,0,0,1,0
46134,443,7.42,1179.2,29.8,9.9,17.2,49.1,5.46,3.35,0,0,1,0,0,0,1,0,0,0,0,0,1,0
51977,8,5.55,948.9,48.6,8.1,21.4,54.8,6.29,3.26,0,0,1,0,1,0,0,0,0,0,0,0,0,0
59838,92,6.47,1501.0,63.2,3.9,22.8,89.6,6.88,8.29,0,0,1,0,0,0,0,0,0,0,0,0,0,1
94294,439,5.91,1506.2,185.0,2.3,20.7,45.4,4.78,1.14,0,0,1,0,0,0,0,0,0,0,0,0,0,1
8934,424,5.74,1893.9,68.9,1.9,35.8,67.1,4.22,7.13,0,0,1,0,0,1,0,0,0,0,1,0,0,0
82034,31,7.4,1281.3,124.3,3.4,20.8,66.7,12.97,7.03,0,0,0,0,0,0,0,1,0,0,0,0,1,0
5099,222,5.57,1160.3,52.9,0.1,17.8,59.0,16.21,2.48,1,0,0,0,0,0,0,1,0,0,0,0,0,0
90787,76,8.29,992.4,187.0,2.2,35.4,41.3,9.23,4.8,0,1,0,0,1,0,0,0,0,0,0,0,0,0
91034,459,6.44,504.2,10.0,0.6,34.5,48.5,2.85,4.4,1,0,0,0,0,0,0,1,0,0,0,1,0,0
69889,150,7.98,1334.5,182.9,4.8,39.8,46.6,6.99,4.81,1,0,0,0,0,0,1,0,0,0,1,0,0,0
22131,124,7.99,305.2,68.2,6.6,22.6,54.0,9.21,6.94,0,0,0,1,0,0,0,1,0,0,0,0,0,0
89296,172,7.57,1954.3,191.4,5.0,19.5,77.8,12.34,8.9,0,0,0,0,0,0,0,1,0,0,0,0,0,0
56272,236,7.86,1242.0,109.0,1.3,30.2,48.0,1.85,0.67,0,0,0,0,0,1,0,0,0,0,0,0,0,0
28284,364,7.63,1056.5,63.3,2.2,20.0,84.0,2.07,2.99,0,0,0,0,0,0,0,0,0,0,0,1,0,0
82961,427,6.77,983.0,167.5,1.5,26.4,68.4,6.66,7.59,1,0,0,0,0,0,0,0,0,1,0,0,0,1
17459,378,8.28,1097.1,170.9,7.9,35.4,76.5,3.77,2.43,0,0,1,0,0,0,1,0,0,0,0,0,0,1
2428,338,7.25,1635.9,22.6,2.7,31.0,55.2,17.79,4.72,0,0,1,0,0,0,0,0,1,0,0,1,0,0
38426,388,7.39,1390.8,54.3,6.8,26.3,31.7,10.74,3.44,0,0,0,0,0,1,0,0,0,0,1,0,0,0
28551,307,6.28,1196.9,53.5,8.4,22.1,67.3,18.39,3.49,1,0,0,0,0,0,0,0,0,1,0,0,0,0
27140,140,7.09,248.3,198.0,2.4,17.1,37.7,12.63,8.36,0,1,0,0,0,0,0,0,0,0,0,1,0,0
35033,1,6.1,465.4,110.1,9.3,37.5,85.3,7.58,7.63,1,0,0,0,0,0,0,0,1,0,0,1,0,0
94511,98,8.02,1483.9,191.2,8.4,24.8,73.7,1.93,9.12,0,0,0,0,0,0,0,0,0,0,1,0,0,0
16406,113,8.48,847.2,16.4,8.0,21.2,63.7,7.09,0.78,0,0,1,0,0,0,0,0,0,0,0,0,0,0
58920,206,5.8,1840.7,164.3,6.1,27.5,87.9,9.69,4.11,0,0,1,0,0,0,0,1,0,0,0,0,0,0
28743,482,5.57,1914.2,121.1,2.6,21.2,70.3,15.21,3.77,1,0,0,0,0,0,1,0,0,0,0,1,0,0
27158,399,6.21,1678.6,80.4,0.6,38.5,75.2,16.36,6.79,0,0,0,1,0,0,0,0,1,0,0,0,1,0
77533,436,7.56,1493.9,112.7,1.4,33.8,64.1,4.01,2.9,0,0,0,1,0,0,0,0,1,0,1,0,0,0
1000,195,5.63,1462.9,183.6,3.2,30.3,34.5,11.02,6.11,1,0,0,0,0,0,0,1,0,0,1,0,0,0
29901,407,8.5,503.2,32.6,0.6,19.4,56.5,19.84,2.34,0,0,0,0,0,0,0,0,1,0,0,0,0,0
92973,79,8.48,1910.2,118.6,7.5,17.7,80.9,15.38,7.99,1,0,0,0,0,0,0,1,0,0,0,1,0,0
46644,52,6.83,1261.4,197.8,0.1,24.4,38.1,14.1,2.75,1,0,0,0,0,1,0,0,0,0,0,1,0,0
65448,433,7.25,1392.4,149.5,3.4,29.7,40.9,12.57,5.91,0,0,1,0,0,0,1,0,0,0,0,0,1,0
33063,352,8.36,251.7,29.8,5.4,30.5,44.5,10.83,9.74,0,0,0,0,0,0,0,1,0,0,0,1,0,0
74297,278,6.21,1513.4,52.1,0.1,19.5,82.4,13.97,9.37,0,1,0,0,0,0,0,0,0,0,1,0,0,0
8576,131,7.36,1364.0,144.4,2.8,18.9,71.7,2.0,7.32,0,1,0,0,0,0,0,0,0,1,1,0,0,0
81418,165,7.39,636.7,65.7,2.7,21.9,37.3,3.15,8.56,0,0,1,0,0,1,0,0,0,0,1,0,0,0
69070,18,6.87,206.5,129.4,8.8,15.3,43.1,12.73,9.78,0,0,1,0,0,1,0,0,0,0,0,0,0,1
23543,78,7.49,1296.5,153.7,1.9,38.4,44.6,5.4,8.33,0,0,0,1,0,0,1,0,0,0,0,0,0,0
69849,88,7.69,708.3,87.8,6.2,28.6,71.1,4.96,3.36,1,0,0,0,1,0,0,0,0,0,0,0,0,1
34203,308,8.06,1163.8,14.1,3.7,32.9,38.9,18.62,2.7,0,0,0,0,0,1,0,0,0,0,0,1,0,0
54766,37,5.73,985.4,42.2,1.9,23.6,65.4,15.85,9.64,0,0,1,0,0,0,0,1,0,0,0,0,0,1
26339,252,7.44,1943.8,21.7,0.4,27.8,38.5,18.23,8.66,0,0,0,0,0,1,0,0,0,0,0,1,0,0
72600,355,8.07,886.5,150.7,0.4,25.8,74.0,3.09,4.68,0,0,0,1,0,0,1,0,0,0,0,0,0,1
20442,209,7.73,1734.3,92.6,4.9,34.7,52.5,19.54,0.56,1,0,0,0,0,0,0,0,1,0,0,0,1,0
47936,134,6.5,304.7,109.5,0.4,25.8,67.4,14.76,9.57,0,0,0,0,0,0,0,1,0,0,1,0,0,0
32478,105,7.18,1877.0,107.2,5.1,23.1,83.4,10.05,1.37,0,0,0,1,0,1,0,0,0,0,0,0,0,1
14028,435,8.19,943.8,195.3,2.3,25.6,82.4,3.89,8.52,1,0,0,0,0,0,0,0,0,1,0,0,1,0
58829,53,7.66,451.1,123.4,5.1,30.4,64.3,6.65,7.02,0,1,0,0,0,0,1,0,0,0,0,0,1,0
53699,275,7.63,1180.7,32.5,3.6,34.5,38.1,6.25,5.62,0,0,0,1,0,0,0,0,0,1,0,0,1,0
82420,444,7.44,771.4,121.8,1.6,24.0,72.2,6.22,4.29,0,0,1,0,0,1,0,0,0,0,0,0,0,1
19782,164,8.05,819.7,184.3,5.9,17.5,43.0,18.44,4.02,0,0,0,0,1,0,0,0,0,0,1,0,0,0
33267,167,6.36,1920.0,106.6,2.4,17.8,43.8,12.98,1.41,0,0,1,0,0,0,0,0,0,0,0,0,1,0
63873,120,7.29,1901.4,125.8,8.9,36.1,88.2,13.76,2.62,0,0,1,0,0,0,0,1,0,0,1,0,0,0
95174,419,7.27,1456.2,170.5,2.5,23.3,84.7,5.79,5.43,0,0,1,0,0,0,0,0,0,0,0,0,1,0
51256,280,8.38,349.8,191.8,2.2,28.5,89.4,4.69,5.17,0,0,0,1,0,0,1,0,0,0,1,0,0,0
18429,95,6.52,372.1,158.2,7.5,17.7,45.3,11.68,9.14,0,0,0,0,0,0,1,0,0,0,0,0,0,1
